{"cameraMode":{"drawMode":0,"name":"Shaded","section":"Shading Mode"},"sceneLighting":false,"audioPlay":false,"sceneViewState":{"m_AlwaysRefresh":false,"showFog":true,"showSkybox":false,"showFlares":true,"showImageEffects":true,"showParticleSystems":true,"showVisualEffectGraphs":true,"m_FxEnabled":true},"in2DMode":false,"pivot":{"x":0.4323050379753113,"y":1.6753852367401124,"z":-13.007298469543457},"rotation":{"x":-0.37590575218200686,"y":0.23269674181938172,"z":-0.098109170794487,"w":-0.8915862441062927},"size":0.13271188735961915,"orthographic":false}